Unnamed: 0,Unnamed: 1,t,X3_data
,,0.0,0.360689782
,,1.12499938337796e-07,0.38263945
,,2.24999876675593e-07,0.010416334
,,3.10016884434655e-07,0.212175395
,,3.95033892193718e-07,0.069611385
,,4.64109141271522e-07,0.052639626
,,5.33184390349327e-07,1.352878819
,,6.02259639427131e-07,0.607447645
,,7.31798041695867e-07,0.755945953
,,8.61336443964602e-07,1.692059055
,,9.90874846233338e-07,0.195628359
,,1.12041324850207e-06,1.160735326
,,1.39939969017767e-06,0.27317752
,,1.67838613185326e-06,0.590547971
,,1.95737257352885e-06,0.451840156
,,2.23635901520444e-06,1.66263055
,,2.51534545688004e-06,1.98503928
,,3.27213642209136e-06,0.814050654
,,4.02892738730268e-06,1.597997837
,,4.785718352514e-06,0.067457534
,,5.54250931772532e-06,0.544339196
,,6.29930028293664e-06,1.037892316
,,1.07613342540794e-05,1.305715435
,,1.52233682252221e-05,1.653359207
,,1.96854021963648e-05,1.276646367
,,2.41474361675075e-05,1.980350221
,,2.86094701386502e-05,0.958594514
,,3.72198608902942e-05,0.226742397
,,4.58302516419382e-05,1.743891604
,,5.44406423935821e-05,1.206259401
,,6.30510331452261e-05,0.326550957
,,7.166142389687e-05,0.384067305
,,8.0271814648514e-05,1.3727418
,,0.000126432792923239,0.060107071
,,0.000172593771197965,1.626035255
,,0.00021875474947269,0.65501666
,,0.000264915727747416,0.104667804
,,0.000311076706022142,0.221352272
,,0.000357237684296867,1.047255833
,,0.000529359545502894,0.488574324
,,0.00070148140670892,1.842163202
,,0.000873603267914947,1.738977853
,,0.00104572512912097,0.340460282
,,0.001217846990327,0.111730653
,,0.00138996885153303,0.249995373
,,0.00198730034503063,1.290637862
,,0.00258463183852823,0.369560373
,,0.00318196333202583,0.086187936
,,0.00377929482552343,1.283829037
,,0.00437662631902103,0.705519268
,,0.00497395781251863,0.887717422
,,0.00613404275546941,0.291913912
,,0.00729412769842019,1.255317287
,,0.00845421264137097,0.161542416
,,0.00961429758432175,1.030183477
,,0.0107743825272725,0.94001996
,,0.0119344674702233,2.07771596
,,0.0134722532716761,1.224990306
,,0.0150100390731288,0.619230527
,,0.0165478248745816,1.920462554
,,0.0180856106760343,1.811009185
,,0.0196233964774871,1.035006171
,,0.0211611822789398,1.930045841
,,0.0226989680803926,1.206642706
,,0.0253111150444047,2.104389628
,,0.0279232620084169,1.601549345
,,0.030535408972429,2.378058158
,,0.0331475559364411,2.008722498
,,0.0357597029004533,2.726165764
,,0.0383718498644654,3.995125924
,,0.0409839968284775,3.700121104
,,0.044355412577403,3.613039904
,,0.0477268283263285,3.95019584
,,0.051098244075254,5.408166727
,,0.0544696598241795,5.777892987
,,0.0578410755731051,6.447792202
,,0.0612124913220306,5.40933263
,,0.0645839070709561,5.821655806
,,0.0685739716023919,6.8496939
,,0.0725640361338277,8.422206649
,,0.0765541006652636,7.404711396
,,0.0805441651966994,9.078415498
,,0.0845342297281352,8.677199104
,,0.088524294259571,9.808179365
,,0.0925143587910069,10.8030818
,,0.0969024951721935,12.08641532
,,0.10129063155338,11.33298338
,,0.105678767934567,12.68337008
,,0.110066904315753,12.29139961
,,0.11445504069694,14.12524222
,,0.118843177078127,14.24483918
,,0.123231313459313,14.01961946
,,0.129388206965336,14.59952016
,,0.135545100471359,14.99755639
,,0.141701993977382,15.74874294
,,0.147858887483405,17.3802937
,,0.154015780989428,16.54547149
,,0.160172674495451,18.5975099
,,0.166329568001474,18.23494888
,,0.172725620097514,19.67048382
,,0.179121672193554,18.75412223
,,0.185517724289595,19.97317015
,,0.191913776385635,19.92521826
,,0.198309828481675,19.17752192
,,0.204705880577716,20.51630851
,,0.211101932673756,20.15663174
,,0.220027608929846,20.11245167
,,0.228953285185936,21.4295121
,,0.237878961442026,22.35285275
,,0.246804637698116,21.56827865
,,0.255730313954206,22.51560753
,,0.264655990210295,21.8950194
,,0.276138464234423,22.41720332
,,0.287620938258551,22.0040209
,,0.299103412282679,23.36207415
,,0.310585886306806,22.50608545
,,0.322068360330934,23.03902394
,,0.333550834355062,23.33147477
,,0.345033308379189,24.10380848
,,0.359374433786834,23.18328775
,,0.373715559194478,23.49049066
,,0.388056684602122,24.33825756
,,0.402397810009767,24.1035785
,,0.416738935417411,24.80388134
,,0.431080060825055,24.91548613
,,0.445421186232699,23.76380116
,,0.463781322221343,23.64291802
,,0.482141458209986,24.16690364
,,0.50050159419863,25.26249744
,,0.518861730187273,23.95040966
,,0.537221866175916,25.0515571
,,0.55558200216456,24.34878309
,,0.573942138153203,23.99155104
,,0.599152804031448,25.25823858
,,0.624363469909692,24.47553019
,,0.649574135787937,24.00325696
,,0.674784801666182,25.16220188
,,0.699995467544426,25.56173938
,,0.725206133422671,25.58714078
,,0.750416799300915,24.5879258
,,0.783891672239768,24.3586703
,,0.817366545178621,24.56806612
,,0.850841418117474,23.89788366
,,0.884316291056327,24.66467375
,,0.917791163995179,24.59808187
,,0.951266036934032,24.86483347
,,0.984740909872885,24.44528322
,,1.03221190271832,24.29645319
,,1.07968289556375,23.74498748
,,1.12715388840918,24.90308031
,,1.17462488125462,24.24345781
,,1.22209587410005,24.17182825
,,1.26956686694548,24.39898432
,,1.31703785979091,24.95336964
,,1.37684708303244,24.8996096
,,1.43665630627396,24.17530698
,,1.49646552951548,25.61916861
,,1.55627475275701,23.78433654
,,1.61608397599853,25.46238666
,,1.67589319924005,24.0588593
,,1.73570242248158,25.37875539
,,1.81442300253057,24.91409305
,,1.89314358257956,25.289754
,,1.97186416262855,25.17884144
,,2.05058474267755,23.46777168
,,2.12930532272654,23.92244582
,,2.20802590277553,23.75702668
,,2.28674648282452,24.30562138
,,2.38014524522947,25.25596977
,,2.47354400763441,23.3934768
,,2.56694277003935,24.33636831
,,2.66034153244429,25.13938332
,,2.75374029484924,24.9033461
,,2.84713905725418,24.79250167
,,2.94053781965912,24.36377571
,,3.0544540574286,24.30125353
,,3.16837029519807,24.32023312
,,3.28228653296754,23.04026182
,,3.39620277073702,23.6089871
,,3.51011900850649,23.87869836
,,3.62403524627596,23.61264395
,,3.73795148404544,23.44147208
,,3.88315716358332,23.01810268
,,4.02836284312121,23.93503489
,,4.17356852265909,22.60162242
,,4.31877420219698,22.69699816
,,4.46397988173486,23.60285165
,,4.60918556127275,22.52707064
,,4.75439124081063,22.47250448
,,4.95008133160014,22.23018031
,,5.14577142238965,23.47385133
,,5.34146151317916,23.76908088
,,5.53715160396866,23.8767459
,,5.73284169475817,22.55947642
,,5.92853178554768,22.18011103
,,6.12422187633718,23.55825975
,,6.36059083433489,23.29490624
,,6.5969597923326,23.52114257
,,6.83332875033031,22.14653994
,,7.06969770832802,22.25140076
,,7.30606666632573,22.23390624
,,7.54243562432344,21.39152859
,,7.77880458232115,21.49868083
,,8.04732346666468,22.13599013
,,8.31584235100821,21.54867306
,,8.58436123535174,22.43174421
,,8.85288011969527,21.44113413
,,9.1213990040388,20.72725231
,,9.38991788838233,20.97223566
,,9.65843677272586,21.99187021
,,9.97078286712102,20.95001695
,,10.2831289615162,21.30752153
,,10.5954750559114,20.62279362
,,10.9078211503065,20.12383901
,,11.2201672447017,21.30119064
,,11.5325133390968,19.95570279
,,11.844859433492,19.80955055
,,12.2165686232108,20.85830883
,,12.5882778129295,21.01774841
,,12.9599870026483,20.39441674
,,13.331696192367,19.88666449
,,13.7034053820858,20.60370728
,,14.0751145718045,19.67518445
,,14.4468237615233,19.56496459
,,14.8744562343638,18.31901526
,,15.3020887072043,19.06170856
,,15.7297211800448,18.60132223
,,16.1573536528853,19.37685604
,,16.5849861257258,18.71127788
,,17.0126185985663,19.22459149
,,17.4402510714069,18.25329852
,,17.9006954097847,18.7906659
,,18.3611397481626,18.04313367
,,18.8215840865405,17.48252851
,,19.2820284249183,17.85042735
,,19.7424727632962,18.56418542
,,20.2029171016741,17.11306519
,,20.6633614400519,17.22838744
,,21.1731192462917,16.66968148
,,21.6828770525316,16.69589375
,,22.1926348587714,16.7647505
,,22.7023926650112,17.02984374
,,23.212150471251,16.6899709
,,23.7219082774908,17.08224923
,,24.2316660837306,16.12314334
,,24.8097413133557,16.12933719
,,25.3878165429807,15.64151788
,,25.9658917726057,16.70576067
,,26.5439670022308,16.226321
,,27.1220422318558,15.52784223
,,27.7001174614809,15.90233137
,,28.2781926911059,16.05668067
,,28.9524452054552,15.35217654
,,29.6266977198045,15.51320081
,,30.3009502341538,14.07812026
,,30.9752027485031,14.41268934
,,31.6494552628524,13.87104331
,,32.3237077772017,13.72988864
,,32.997960291551,13.81021451
,,33.8077082805206,13.02717421
,,34.6174562694902,12.50391882
,,35.4272042584598,13.40599148
,,36.2369522474294,12.91004454
,,37.046700236399,13.31644679
,,37.8564482253686,12.48175483
,,38.6661962143382,11.75682208
,,39.7144352465313,12.18852505
,,40.7626742787244,11.45140766
,,41.8109133109175,12.63187271
,,42.8591523431106,10.63527597
,,43.9073913753037,11.35588633
,,44.9556304074967,10.95469401
,,46.0038694396898,10.55547186
,,47.3671081177232,9.866267076
,,48.7303467957565,10.86521206
,,50.0935854737898,11.18549808
,,51.4568241518231,9.740669
,,52.8200628298564,9.360244826
,,54.1833015078897,9.80856058
,,55.5465401859231,8.882193588
,,57.4094840331186,8.354246477
,,59.2724278803142,8.946008583
,,61.1353717275098,8.497791096
,,62.9983155747054,9.040565331
,,64.861259421901,7.680296712
,,66.7242032690966,8.365643279
,,68.5871471162921,6.533540836
,,71.2743989786944,7.809720731
,,73.9616508410967,7.4911705
,,76.648902703499,5.567362709
,,79.3361545659013,6.965283367
,,82.0234064283036,5.635733816
,,84.7106582907059,5.700548205
,,87.3979101531082,5.683868794
,,91.1342703905065,5.558560561
,,94.8706306279048,5.658161154
,,98.6069908653031,4.113411432
,,102.343351102701,4.377091589
,,106.0797113401,3.978951817
,,109.816071577498,3.189942702
,,113.552431814896,4.210860842
,,117.339838006524,3.960050582
,,121.127244198153,3.037024327
,,124.914650389781,3.484646313
,,128.702056581409,3.603385134
,,132.489462773037,3.99657574
,,136.276868964665,3.417884348
,,140.064275156293,2.112111324
,,144.030089189093,2.520693074
,,147.995903221893,2.751278271
,,151.961717254694,3.205808458
,,155.927531287494,3.023322774
,,159.893345320294,2.463766118
,,163.859159353094,2.65474312
,,167.824973385894,1.818220379
,,172.101649440663,1.23368245
,,176.378325495432,2.462589463
,,180.0,2.155523502
